role,company_name,tenure,location,requirements,tags,posted_on
Machine Learning Engineer,Lodha Group,3-5 Yrs,"Mumbai, Mumbai Suburban","Bachelor s or Master s degree in Computer Science, Data Science, Statistics, or a relat...","['Azure', 'AWS', 'Salesforce', 'ML models', 'machine learning', 'Microsoft Azure', 'Machine', 'Ml']",3 days ago
Machine Learning Engineer (L2),Twilio,2-5 Yrs,"Mumbai, Kolkata, New Delhi, Hyderabad, Pune, Chennai, Bengaluru",*Required: . 2 - 5 years of applied ML experience in statistical and mathematical model...,"['Data analysis', 'Product engineering', 'Coding', 'spark', 'Machine learning', 'Healthcare', 'Wellness', 'Operations']",1 week ago
Machine Learning Engineer,Atlassian,3-8 Yrs,"Mumbai, Kolkata, New Delhi, Hyderabad, Pune, Chennai, Bengaluru","Working at Atlassian Atlassians can choose where they work - whether in an office,...","['Microstrategy', 'Business objects', 'SAP', 'Analytical', 'Machine learning', 'Forecasting', 'Analytics', 'Monitoring']",1 day ago
Lead - Machine Learning,Zycus Infotech,6-10 Yrs,"Hybrid - Mumbai (All Areas), Pune, Bengaluru",Zycus is seeking for talented Machine Learning Engineers to join our dynamic team. Cand...,"['Natural Language Processing', 'Computer Vision', 'Machine Learning', 'Deep Learning', 'OCR', 'Cnn', 'Pattern Recognition', 'Image Processing']",2 weeks ago
Machine Learning Engineer,Coursera,4-5 Yrs,"Mumbai, Kolkata, New Delhi, Hyderabad, Pune, Chennai, Bengaluru","Solid understanding and experience in system design of ML systems (design pattern, OOD,...","['Computer science', 'Computer vision', 'MySQL', 'Machine learning', 'System design', 'test driven development', 'Natural language processing', 'SQL']",3+ weeks ago
Machine Learning Engineer,Uplers,5-8 Yrs,"Mumbai, New Delhi, Bengaluru",Expected Notice Period: 15 Days Shift: (GMT+05:30) Asia/Kolkata (IST) Opportunity Type:...,"['python', 'natural language processing', 'data engineering', 'sql', 'docker', 'time series analysis', 'software testing', 'scikit-learn']",1 day ago
Senior Data Scientist - Artificial Intelligence/Machine Learning,Zettamine Labs,4-6 Yrs,Mumbai,"Masters or PhD in Computer Science, Artificial Intelligence, Machine Learning, or a rel...","['Data Science', 'Tensorflow', 'Prompt Engineering', 'Data Scientist', 'Artificial Intelligence', 'LLM', 'Machine Learning', 'Deep Learning']",1 week ago
Senior Generative AI Developer Senior Generative AI Developer,Zensar,7-12 Yrs,"Mumbai, Kolkata, New Delhi, Hyderabad, Pune, Chennai, Bengaluru","Bachelor s or Master s degree in Computer Science, Engineering, or a related fieldPrefe...","['Computer science', 'orchestration', 'Machine learning', 'Cloud', 'RPG', 'MCP', 'Troubleshooting', 'digital transformation']",1 day ago
Principal Machine Learning Engineer,Egnyte,6-10 Yrs,"Mumbai, Kolkata, New Delhi, Hyderabad, Pune, Chennai, Bengaluru",. Strong experience in managing large-scale datasets and distributed computing environm...,"['deep learning', 'Publishing', 'data security', 'Analytical', 'Machine learning', 'Cloud', 'Continuous improvement', 'Forecasting']",Few hours ago
Senior Machine Learning Engineer,Atlassian,5-10 Yrs,"Mumbai, Kolkata, New Delhi, Hyderabad, Pune, Chennai, Bengaluru","Working at Atlassian Atlassians can choose where they work - whether in an office,...","['Microstrategy', 'Business objects', 'SAP', 'Analytical', 'Machine learning', 'Forecasting', 'Analytics', 'Monitoring']",1 day ago
Data Scientist - Machine Learning/Artificial Intelligence,Leading Client,5-7 Yrs,Mumbai,- Experience working with Slack app development and deployment. . - Background in MLOps...,"['Machine Learning', 'Data Science', 'MLOps', 'Artificial Intelligence', 'Data Visualization', 'Data Modeling', 'Data Analytics', 'Looker']",1 week ago
Machine Learning Engineer,Interview Kickstart,3-5 Yrs,"Mumbai, Kolkata, New Delhi, Hyderabad, Pune, Chennai, Bengaluru",". As a Machine Learning Engineer at Interview Kickstart, you will play a crucial role i...","['Computer science', 'deep learning', 'Skill development', 'Neural networks', 'GCP', 'Machine learning', 'Silicon', 'Calculus']",3+ weeks ago
Software Engineer - Artificial Intelligence / Machine Learning,Rosemallow Technologies,8-10 Yrs,Mumbai,"Responsibilities :- Design and Development : Architect, design, and develop user-friend...","['Artificial Intelligence', 'Tensorflow', 'NLP', 'Generative AI', 'PyTorch', 'Data Modeling', 'Data Analytics', 'LLM']",1 week ago
Senior Data Scientist - Artificial Intelligence/Machine Learning,Zettamine Labs,4-6 Yrs,Mumbai,"- Masters or PhD in Computer Science, Artificial Intelligence, Machine Learning, or a r...","['Artificial Intelligence', 'Data Science', 'Tensorflow', 'NLP', 'PyTorch', 'Data Pipeline', 'Data Scientist', 'LLM']",1 week ago
Lead D&T Machine Learning Engineer,General Mills,6-10 Yrs,Mumbai,The Digital and Technology team at General Mills stands as the largest and for...,"['Automation', 'Manager Quality Assurance', 'SAP', 'data science', 'Diagnostics', 'Coding', 'Monitoring', 'Analytics']",3+ weeks ago
Machine Learning Engineer III,Avalara India,5-10 Yrs,"Mumbai, Kolkata, New Delhi, Hyderabad, Pune, Chennai, Bengaluru",We are looking for experienced Machine Learning Engineers with a background in softwar...,"['Cloud computing', 'GCP', 'Analytical', 'Machine learning', 'Debugging', 'Conceptualization', 'Data structures', 'Unit testing']",1 week ago
Senior Machine Learning Engineer,Itsacheckmatecom Services India,5-8 Yrs,"Mumbai, Kolkata, New Delhi, Hyderabad, Pune, Chennai, Bengaluru","Academics: Bachelors / Master s degree in Computer Science, Engineering, Statistics, or...","['Computer science', 'Backend', 'NoSQL', 'Machine learning', 'Data quality', 'Operations', 'Analytics', 'Monitoring']",1 week ago
Senior Machine Learning Engineer,Morningstar,5-9 Yrs,Mumbai,Limited corporate travel may be . required. to remote offices or other business meeting...,"['Machine learning', 'Cloud', 'Programming', 'Natural language processing', 'Apache', 'Open source', 'Monitoring', 'SQL']",3+ weeks ago
"Tech Lead - Machine Learning, Data Scientist",Oneture Technologies,5-10 Yrs,"Mumbai, Pune",Required Skills & Experience: - 4 5 years of hands-on experience in Data Science / AI/M...,"['Product engineering', 'Machine learning', 'Cloud', 'Technical Lead', 'Project delivery', 'Customer engagement', 'SIS', 'big data']",1 day ago
Senior Machine Learning Engineer,UPS Supply Chain Solutions (UPS SCS),3-6 Yrs,Mumbai,"Bachelors Degree in a quantitative field of mathematics, computer science, physics, eco...","['MLOps', 'Machine Learning', 'Big Query', 'Gen AI', 'NLP', 'GCP', 'Agile', 'LLM']",2 weeks ago
AI & Machine Learning Developer,Digiture,2-6 Yrs,Mumbai,"You will be part of our Machine Learning team, with a focus on improving, debugging, re...","['Usage', 'Neural networks', 'Focus', 'Debugging', 'Machine learning', 'Workflow', 'Open source', 'Statistics']",3+ weeks ago
Machine Learning Analyst,Wadhwani Ai,0-2 Yrs,Mumbai,. ABOUT US . Wadhwani AI is a nonprofit institute building and deploying applied AI sol...,"['Unix', 'Training', 'deep learning', 'Coding', 'Senior Analyst', 'Artificial Intelligence', 'Debugging', 'Machine learning']",2 weeks ago
Machine Learning Engineer,Tekolutions Ai,2-5 Yrs,Mumbai,Specific experience in AI areas like Statistical Proven experience as a Machine Learnin...,"['software architecture', 'Operations research', 'Data modeling', 'Analytical', 'Artificial Intelligence', 'Consulting', 'Machine learning', 'Data structures']",3+ weeks ago
Machine Learning Engineer (L2),Segment System,2-5 Yrs,"Mumbai, Kolkata, New Delhi, Hyderabad, Pune, Chennai, Bengaluru",*Required: . 2 - 5 years of applied ML experience in statistical and mathematical model...,"['Data analysis', 'Product engineering', 'Coding', 'spark', 'Machine learning', 'Healthcare', 'Wellness', 'Operations']",1 week ago
Machine Learning Engineer,Expleo,3-5 Yrs,Mumbai (All Areas),Hands-on experience with MLOps and ML pipeline automation in BFSI contextPreferred cand...,"['Machine Learning', 'Gcp Cloud', 'Ml', 'GCP', 'Machine', 'Cloud']",1 week ago
Machine Learning Engineer L4,Twilio,5-10 Yrs,"Mumbai, Kolkata, New Delhi, Hyderabad, Pune, Chennai, Bengaluru","Partner with product managers, tech leads, and stakeholders to analyze business problem...","['deep learning', 'Product engineering', 'Coding', 'spark', 'Machine learning', 'Agile', 'Healthcare', 'Wellness']",1 week ago
Lead Machine Learning Engineer,Uplers,7-12 Yrs,Mumbai (All Areas),Experience: 7.00 + yearsSalary: Confidential (based on experience)Shift: (GMT+05:30) A...,"['Machine Learning', 'NLP', 'Natural Language Processing', 'Process', 'Processing', 'Languages', 'Machine']",3 days ago
Machine Learning Engineer L4,Segment System,5-10 Yrs,"Mumbai, Kolkata, New Delhi, Hyderabad, Pune, Chennai, Bengaluru","Partner with product managers, tech leads, and stakeholders to analyze business problem...","['deep learning', 'Product engineering', 'Coding', 'spark', 'Machine learning', 'Agile', 'Healthcare', 'Wellness']",1 week ago
Machine Learning Engineer - Python / Tensorflow,Vayuz Technologies,4-5 Yrs,Mumbai,"Preferred Qualifications : . - Experience with Big Data technologies (Hadoop, Spark, et...","['Machine Learning', 'Tensorflow', 'MLOps', 'Big Data', 'Neural Networks', 'Scikit-Learn', 'Deep Learning', 'Python']",1 week ago
Machine Learning Scientist (ASR),Wadhwani Ai,6-11 Yrs,Mumbai,. ABOUT US - https://www.wadhwaniai.org/ . Wadhwani AI is a nonprofit institute buildin...,"['Computer science', 'ASR', 'Data analysis', 'Artificial Intelligence', 'Machine learning', 'Healthcare', 'Research', 'Data mining']",3 weeks ago
Machine Learning Engineer / ML Engineer,Celebal Technologies,2-6 Yrs,"Mumbai (All Areas), Pune, Jaipur","Bachelors or masters degree in computer science, Engineering, Mathematics, or a. relate...","['Time Series', 'Databricks', 'Machine Learning', 'Python', 'Classic Algorithms', 'Predictive Maintenance', 'Azure Cloud', 'Forecasting']",6 days ago
Machine Learning Developer,Prisma Global,2-4 Yrs,Mumbai,"Qualification- Bachelor s or master s degree in computer science, Machine Learning, Dat...","['deep learning frameworks', 'algorithms', 'python', 'scikit-learn', 'microsoft azure', 'network development', 'machine learning', 'artificial intelligence']",3+ weeks ago
Machine Learning Scientist (LLM),Wadhwani Ai,6-11 Yrs,Mumbai,"or equivalent in Computer Science, Electrical Engineering, Statistics, Applied Mathemat...","['Computer science', 'Data analysis', 'data science', 'Artificial Intelligence', 'Machine learning', 'Healthcare', 'Research', 'Data mining']",3 weeks ago
Senior Machine Learning Engineer,Itsacheckmatecom Services India,6-11 Yrs,Remote,Were seeking a Mid-Level Machine Learning Engineer to join our growing Data Science & ...,"['Machine Learning', 'Python', 'Tensorflow', 'Ci/Cd', 'Scikit-Learn', 'Numpy', 'SQL', 'Pytorch']",1 week ago
Machine Learning Engineer - Python/Hadoop,Vayuz Technologies,4-5 Yrs,Mumbai,"Preferred Skills . - Experience with Big Data technologies (Hadoop, Spark, etc.). Fami...","['Python', 'Tensorflow', 'Hadoop', 'Big Data', 'Spark', 'Machine Learning', 'Machine', 'Data']",1 week ago
Senior/Lead - Data Science/Machine Learning Engineer,Ugam,3-8 Yrs,"Mumbai (All Areas), Pune, Bengaluru","Optimize data storage, retrieval, and processing using BigQuery, Dataflow, and Spark fo...","['Natural Language Processing', 'Data Science', 'Ci/Cd', 'online marketing campaign', 'ETL', 'Machine Learning', 'SQL', 'Python']",2 weeks ago
Sr. Machine Learning Engineer,Technomile,3-5 Yrs,"Mumbai, Kolkata, New Delhi, Hyderabad, Pune, Chennai, Bengaluru","Bachelor s or Master s in Computer Science, Computational Linguistics, Artificial Intel...","['Computer science', 'orchestration', 'Aerospace', 'Contract management', 'Django', 'Analytical', 'Artificial Intelligence', 'Machine learning']",3+ weeks ago
Machine Learning Specialist,Venus Jewel,5-10 Yrs,Mumbai,Job description : We are seeking a skilled and innovative Machine Learning Speciali...,"['Computer vision', 'Data analysis', 'NoSQL', 'GCP', 'Analytical', 'Artificial Intelligence', 'Machine learning', 'SQL']",3+ weeks ago
Machine Learning / AI Engineer,Zion Cloud Solutions,4-6 Yrs,"Mumbai, Kolkata, New Delhi, Hyderabad, Pune, Chennai, Bengaluru","Qualifications: . 4+ years of experience in AI / ML, with a strong understanding of mac...","['Computer vision', 'deep learning', 'Machine learning', 'Cloud', 'Deployment', 'Mentor', 'Natural language processing', 'Research']",3+ weeks ago
Senior Machine Learning Engineer,Uplers,3-8 Yrs,Mumbai,Experience : 3+ years Shift : (GMT+05:30) Asia/Kolkata (IST) Must have Skills required:...,"['Python', 'Azure', 'NLP', 'PyTorch', 'Docker', 'GCP', 'LLM', 'AWS']",1 week ago
Machine Learning Engineer,Prodigal,0-5 Yrs,Mumbai,"Preferred Qualifications . Bachelors or Masters degree in Data Science, Computer Scienc...","['Health insurance', 'Data analysis', 'data science', 'Consumer finance', 'Machine learning', 'data visualization', 'SQL', 'Python']",3+ weeks ago
Machine Learning ( ML ) Engineer,Online Manufacturing,4-9 Yrs,Mumbai,Education Background - BE in Computer Science We are looking for a Machine Learni...,"['Computer science', 'Training', 'Statistical analysis', 'data science', 'Artificial Intelligence', 'Machine learning', 'Programming', 'Research']",3+ weeks ago
Senior Machine Learning Engineer II,Apollo.io,4-7 Yrs,"Mumbai, Kolkata, New Delhi, Hyderabad, Pune, Chennai, Bengaluru","Required Qualifications: . Bachelors, Masters, or a PhD in Computer Science, Mathematic...","['Computer science', 'deep learning', 'Operational excellence', 'Analytical', 'Machine learning', 'Cloud', 'content generation', 'Natural language processing']",3+ weeks ago
Machine Learning Engineer,Session Ai,2-5 Yrs,Mumbai,"Required Qualifications: . Bachelors or Masters degree in Computer Science, Artificial ...","['Computer science', 'Computer vision', 'Artificial Intelligence', 'Machine learning', 'Data structures', 'Natural language processing', 'Open source', 'Customer engagement']",3+ weeks ago
Machine Learning Engineer,TAC Security,2-7 Yrs,"Mumbai, Pune",Ensures software applications are built with quality while conforming to corporate and...,"['SAN', 'deep learning', 'Artificial Intelligence', 'MySQL', 'Machine learning', 'Data analytics', 'data visualization', 'Vulnerability management']",3+ weeks ago
Senior Staff Machine Learning Engineer - Platform,Coinbase India Services,6-7 Yrs,"Mumbai, Kolkata, New Delhi, Hyderabad, Pune, Chennai, Bengaluru","This includes imbuing intelligence into recommendations, risk assessment, chatbots, and...","['Computer science', 'Data analysis', 'Backend', 'Risk assessment', 'Machine learning', 'Data processing', 'Apache', 'Data mining']",3+ weeks ago
Machine Learning Engineer,Aidaptive,2-5 Yrs,"Mumbai, Kolkata, New Delhi, Hyderabad, Pune, Chennai, Bengaluru","Minimum qualifications: . Bachelors degree in Computer Science, Mathematics, or equival...","['Computer science', 'Computer vision', 'deep learning', 'Artificial Intelligence', 'Machine learning', 'Deployment', 'Natural language processing', 'Management']",3+ weeks ago
"Senior Machine Learning Engineer, Platform",Coinbase India Services,6-7 Yrs,"Mumbai, Kolkata, New Delhi, Hyderabad, Pune, Chennai, Bengaluru","This includes imbuing intelligence into recommendations, risk assessment, chatbots, and...","['Computer science', 'Data analysis', 'Backend', 'Risk assessment', 'Machine learning', 'Data processing', 'Apache', 'Data mining']",3+ weeks ago
Machine Learning Engineer / Sr. ML Engineer,Mysuru Consulting Group,3-7 Yrs,"Mumbai, Kolkata, New Delhi, Hyderabad, Pune, Chennai, Bengaluru",. Should be able to work seamlessly using agile principles - in a cross functional team...,"['Product management', 'Computer science', 'Data analysis', 'Agile', 'Data structures', 'Business intelligence', 'Data mining', 'Technical support']",3+ weeks ago
Senior Machine Learning Engineer,Intellias,3-7 Yrs,"Mumbai, Kolkata, New Delhi, Hyderabad, Pune, Chennai, Bengaluru",Excellent communication skills to effectively convey complex technical concepts to both...,"['Product management', 'Computer science', 'Computer vision', 'data science', 'GCP', 'Diversity and Inclusion', 'Machine learning', 'Manager Technology']",3 weeks ago
Senior Machine Learning Engineer,Weave,5-10 Yrs,"Mumbai, Kolkata, New Delhi, Hyderabad, Pune, Chennai, Bengaluru",Experience moving and storing TBs of data or 100M s to 10B s of records . Experience wi...,"['Automation', 'Data analysis', 'Backend', 'Networking', 'Machine learning', 'Agile', 'Workflow', 'Open source']",3+ weeks ago
Sr. Data Scientist/ Sr. Machine Learning Engineer,Go Digital Technology Consulting,4-7 Yrs,Mumbai,Bachelor s degree in Computer Science or a related field Proficient in using PyTorch fo...,"['Computer vision', 'Backend', 'GCP', 'Neural networks', 'Analytical', 'Machine learning', 'Data collection', 'Continuous improvement']",3+ weeks ago
Senior Machine Learning Engineer,Archipelago Research Support Services,4-9 Yrs,"Mumbai, Kolkata, New Delhi, Hyderabad, Pune, Chennai, Bengaluru",Archipelago is seeking a Senior Machine Learning Engineer to join our growing labs t...,"['orchestration', 'Data modeling', 'Analytical', 'Machine learning', 'Javascript', 'Data structures', 'Management', 'Risk management']",3+ weeks ago
Data Scientist - Machine Learning Lead / SSE (Immediate Joiners),Chadwick Professional Services,4-9 Yrs,Mumbai (All Areas),Preferred candidate profile . Skillset Requirements: Technical Lead . 3 to 10 years of...,"['Data Science', 'GenAI', 'Natural Language Processing', 'LLM', 'Machine Learning', 'Tensorflow', 'Deep Learning', 'Python']",3 days ago
Senior Machine Learning Engineer,Abbyy,5-6 Yrs,"Mumbai, Kolkata, New Delhi, Hyderabad, Pune, Chennai, Bengaluru",Experience with cloud platforms and MLOps tools 5+ years of experience in Machine Learn...,"['Computer science', 'Computer vision', 'Automation', 'Architecture', 'Image processing', 'Machine learning', 'Healthcare', 'Natural language processing']",3+ weeks ago
Senior Machine Learning Engineer,Taffi,7-12 Yrs,"Mumbai, Kolkata, New Delhi, Hyderabad, Pune, Chennai, Bengaluru",. Ability to select hardware to run an ML model with the required latency . You must be...,"['Training', 'deep learning', 'Analytical', 'Machine learning', 'Data collection', 'Deployment', 'Data quality', 'Hardware']",3+ weeks ago
Senior Machine Learning Lead - LLM,Avalara India,8-13 Yrs,"Mumbai, Kolkata, New Delhi, Hyderabad, Pune, Chennai, Bengaluru",Bachelors degree with computer science exposure . Proficiency working in cloud computin...,"['Computer science', 'Cloud computing', 'GCP', 'Analytical', 'Machine learning', 'Debugging', 'Conceptualization', 'Data structures']",3 weeks ago
Senior Machine Learning Engineer,Saasguru,8-13 Yrs,"Mumbai, New Delhi, Chennai, Bengaluru","Experience with software engineering standard methodologies (unit testing, code reviews...","['Networking', 'Machine learning', 'SCALA', 'Agile', 'Healthcare', 'Data processing', 'SDK', 'Unit testing']",3+ weeks ago
Machine Learning Engineer,9nexus,5-10 Yrs,Mumbai,Front End Platforms Back End Mobile Machine Learning Engineer We are se...,"['PDF', 'Neural networks', 'Analytical', 'Artificial Intelligence', 'Machine learning', 'VAT', 'NDA', 'Outsourcing']",3+ weeks ago
Senior Applied Machine Learning Engineer,Picarro Technologies,8-9 Yrs,"Mumbai, Kolkata, New Delhi, Hyderabad, Pune, Chennai, Bengaluru","Bachelor s or Master s degree in Data Science, Computer Science, or a related technical...","['Fabrication', 'Computer science', 'Semiconductor', 'Simulation', 'Pharma', 'Metrology', 'Food safety', 'Petrochemical']",3+ weeks ago
ML Engineer,Uplers,0-2 Yrs,"Mumbai, Bengaluru, Delhi / NCR",Shift: (GMT+05:30) Asia / Kolkata (IST) Female candidates are preferred . Interview Pro...,"['python', 'machine learning', 'data modeling', 'data structures', 'ml', 'algorithms', 'cnn', 'data analytics']",1 day ago
Senior AI Engineer,Uplers,0-3 Yrs,"Hybrid - Mumbai (All Areas), Pune, Bengaluru",Senior Machine Learning Engineer/ Data Scientist (Fresh Phd Graduates)Experience: 0 - 3...,"['Machine Learning', 'Large Language Model', 'Natural Language Processing', 'Process', 'Processing', 'Languages', 'Large', 'Senior']",1 week ago
Machine Learning Engineer,Morningstar,3-4 Yrs,Mumbai,"Knowledge of financial services, investment, banking, venture capital, or private equit...","['Data management', 'Venture capital', 'Machine learning', 'Natural language processing', 'Investment banking', 'Test cases', 'Private equity', 'Financial services']",3+ weeks ago
Machine Learning Engineer,Whats On India Media,3-8 Yrs,"Hybrid - Mumbai, Gurugram, Bengaluru","Nielsen is seeking an organized, detail oriented, team player, to join the Engineering ...","['Machine Learning', 'Ml Algorithms', 'Python', 'Pytorch', 'Machine', 'Algorithms', 'Ml']",3 weeks ago
Machine Learning Engineer,Soul Ai,4-8 Yrs,"Mumbai, Delhi / NCR, Bengaluru","Experience with A / B testing, Bayesian optimization, and hyperparameter tuning.","['Machine Learning', 'Kubeflow', 'deep learning', 'PyTorch', 'Docker', 'Kafka', 'MLflow', 'Spark']",3+ weeks ago
Machine Learning Engineer,Mindpeers,2-5 Yrs,"Mumbai, Kolkata, New Delhi, Hyderabad, Pune, Chennai, Bengaluru","Excellent coding, documentation, version control, and testing skills in Python . Profic...","['Version control', 'NoSQL', 'Coding', 'Underwriting', 'Machine learning', 'Natural language processing', 'data visualization', 'SQL']",3+ weeks ago
Machine Learning Researcher,Saasguru,2-5 Yrs,"Mumbai, New Delhi, Chennai, Bengaluru",A track record of published work in relevant areas is a plus. . Software Development De...,"['Simulation', 'GCP', 'Software support', 'Machine learning', 'Cloud', 'Research', 'AWS', 'Python']",3+ weeks ago
Machine Learning Engineer,Stack Digital,3-6 Yrs,"Mumbai, Kolkata, New Delhi, Hyderabad, Pune, Chennai, Bengaluru","Any Bachelors or Master s degree in Computer Science, Data Science, Engineering, or a r...","['Computer science', 'Backend', 'MS SQL', 'data science', 'Machine learning', 'Programming', 'Deployment', 'Troubleshooting']",3+ weeks ago
Machine Learning Engineer,Lytx,4-5 Yrs,"Mumbai, Kolkata, New Delhi, Hyderabad, Pune, Chennai, Bengaluru",Experience with any low-level programming language like C / C++ or deeper understanding...,"['Training', 'System architecture', 'Computer vision', 'C++', 'Analytical', 'Formulation', 'Machine learning', 'Telematics']",3+ weeks ago
Senior Machine Learning Engineer,Real,3-6 Yrs,"Mumbai, Kolkata, New Delhi, Hyderabad, Pune, Chennai, Bengaluru","This role will involve improving the system s accuracy, efficiency, and overall user ex...","['Computer science', 'Manager Quality Assurance', 'Data management', 'data science', 'Machine learning', 'Manager Technology', 'Natural language processing', 'Troubleshooting']",3+ weeks ago
Machine Learning & Data Science Engineer,Icra Analytics,5-7 Yrs,"Mumbai (All Areas), Kolkata",Experience with no-code platforms is a bonus,"['Credit Risk Analysis', 'Model Development', 'Python', 'ECL', 'Aws Sagemaker', 'Credit Risk Modelling', 'Basel Iii', 'IFRS']",2 weeks ago
Senior Machine Learning Engineer,Uplers,3-7 Yrs,"Mumbai (All Areas), Thane",Shift : 10:00AM to 7:00PM ISTExperience in building scalable AI APIs and microservicesP...,"['Machine Learning', 'Large Language Model', 'Natural Language Processing', 'Python', 'Processing', 'Languages', 'Process', 'Machine']",3 weeks ago
"Staff, Machine Learning Engineer (L4)",Twilio,7-12 Yrs,"Mumbai, Kolkata, New Delhi, Hyderabad, Pune, Chennai, Bengaluru",As a Staff Engineer specializing in Machine Learning and Feature Engineering for the I...,"['Operational excellence', 'Coding', 'Machine learning', 'Agile', 'Healthcare', 'Data processing', 'Distribution system', 'Monitoring']",3+ weeks ago
Machine Learning Engineer (TensorFlow + JAX),High Heads,5-10 Yrs,"Mumbai (All Areas), Bengaluru, Delhi / NCR","Shd have exp of Machine Learning - 5 yrs OR Python - 5 yrs, PyTorch - 2 yrs, JAX - 1 yr...","['JAX', 'PyTorch', 'Machine Learning', 'Numpy', 'Python', 'Machine', 'Tensorflow']",2 weeks ago
Machine Learning Engineer - Python/Tensorflow,Vayuz Technologies,4-5 Yrs,Mumbai,"Preferred Qualifications : . - Experience with Big Data technologies (Hadoop, Spark, et...","['Machine Learning', 'MLOps', 'Hadoop', 'Big Data', 'Neural Networks', 'Spark', 'Scikit-Learn', 'Deep Learning']",2 weeks ago
Machine Learning Operations Engineer III,Lytx,4-6 Yrs,"Mumbai, Kolkata, New Delhi, Hyderabad, Pune, Chennai, Bengaluru",Bachelor s degree in Computer Science or equivalent experience . 4 to 6 years of experi...,"['Computer science', 'GIT', 'NoSQL', 'Linux', 'Machine learning', 'Regression testing', 'Data processing', 'Telematics']",3+ weeks ago
Machine Learning Engineer,Bayinfotech,3-5 Yrs,"Mumbai, Kolkata, New Delhi, Hyderabad, Pune, Chennai, Bengaluru","As a Machine Learning Engineer, you will play a crucial role in designing, developing...","['Computer science', 'Machine learning', 'Cloud', 'Database', 'Manager Technology', 'Deployment', 'Natural language processing', 'Open source']",3+ weeks ago
Python Engineer- Machine Learning,Cynosure Corporate Solutions,7-10 Yrs,"Mumbai, Kolkata, New Delhi, Hyderabad, Pune, Chennai, Bengaluru","AWS: EC2, S3, Batch, Secrets manager, ECR, Lambda, IAM roles, policies, cost monitoring...","['IT services', 'Data analysis', 'GIT', 'Machine learning', 'Integration testing', 'Unit testing', 'Object oriented programming', 'AWS']",3+ weeks ago
Senior Machine Learning Engineer,Pharmaforceiq,8-10 Yrs,"Mumbai, Kolkata, New Delhi, Hyderabad, Pune, Chennai, Bengaluru","Skills Required: . You possess an advanced degree, ideally a Masters, in Mathematics, S...","['Data modeling', 'MySQL', 'Machine learning', 'Troubleshooting', 'Business solutions', 'Analytics', 'Monitoring', 'Python']",3+ weeks ago
"Lead Machine Learning Engineer- MLOps, VertexAI, LLMs, GenAI",UPS Supply Chain Solutions (UPS SCS),5-8 Yrs,Mumbai,"Required Skills and Experience: . Bachelors or Masters degree in Computer Science, Mach...","['Machine Learning', 'GenAI', 'deep learning', 'MLOps', 'PyTorch', 'LLMs', 'VertexAI', 'TensorFlow']",2 weeks ago
Data Research Engineer-AI/ML,Uplers,4-6 Yrs,"Mumbai, New Delhi, Bengaluru","Must have skills required: TensorFlow, PyTorch, rag, LangChain . Forbes Advisor is Look...","['python', 'nltk', 'tensorflow', 'pytorch', 'machine learning algorithms', 'api integration', 'natural language processing', 'machine learning']",1 day ago
AI Engineer,Uplers,2-5 Yrs,"Mumbai, New Delhi, Bengaluru","Must have skills required: Voice AI, Voice AI products, AI models, Large Language Model...","['asr', 'python', 'deploying models', 'artificial intelligence', 'ml', 'natural language processing', 'neural networks', 'machine learning']",1 day ago
Senior Associate - Data Scientist (Tabular & Text) - GM Data & AI Lab,BNP Paribas,1-6 Yrs,Mumbai,Qualifications: Bachelors / Master / PhD degree in Computer Science / Data Science / Ma...,"['Data Science', 'transformers', 'PyTorch', 'Artificial Intelligence', 'langchain', 'Machine Learning', 'NumPy', 'Senior']",1 week ago
AI Engineer,MSCI Services,1-4 Yrs,Mumbai,"MSCI, Pride & Allies, Women in Tech, and Women s Leadership Forum. At MSCI we are passi...","['generation', 'innovation', 'python', 'natural language processing', 'microsoft azure', 'engineering', 'machine learning', 'data engineering']",3+ weeks ago
Lead - GenAI Data Scientist,Mondelez,12-20 Yrs,Hybrid - Mumbai (All Areas)(Lower Parel),Purpose of the RoleWe are seeking a highly motivated and experienced Senior Data Scient...,"['Prompt Engineering', 'Fine Tuning', 'MLOps', 'NLP', 'Agentic Framework', 'Natural Language Processing', 'LLM', 'Machine Learning']",2 weeks ago
TM-Data Scientist-Audit Innovation & Digital Transformation,Hdfc Bank,3-5 Yrs,Mumbai,Proficiency in Python for data analysis and machine learning . Bachelors or Masters de...,"['Data Science', 'Artificial intelligence Markup Language', 'Generative Ai', 'Natural Language Processing', 'Machine Learning', 'Pytorch', 'Tensorflow', 'Ml Libraries']",3 days ago
Data Scientist-Artificial Intelligence,IBM,5-7 Yrs,Mumbai,"Work with broader team to buid, anayze and improve the AI soutions.You wi aso work wit...","['python', 'natural language processing', 'machine learning', 'deep learning', 'ml', 'scikit-learn', 'neural networks', 'numpy']",2 weeks ago
AI Engineer,Idea Elan,2-4 Yrs,"Mumbai, Kolkata, New Delhi, Hyderabad, Pune, Chennai, Bengaluru","Required Skills: . AI / ML Expertise: Proven experience in developing, fine-tuning, and...","['data cleansing', 'Data analysis', 'GCP', 'Analytical', 'Machine learning', 'Javascript', 'Forecasting', 'SQL']",Few hours ago
Principal Data Scientist/AI/ML,Reserve Bank Information Technology,13-18 Yrs,Navi Mumbai,Bachelors degree in engineering / management Masters degree in engineering / management...,"['Data Science', 'AI Use cases', 'Ai Solutions', 'Machine Learning', 'Ml', 'Case', 'Artificial Intelligence', 'Usage']",1 day ago
"Data Scientist - AI / ML, Generative AI & Databricks",Celebal Technologies,3-8 Yrs,"Mumbai (All Areas), Pune, Jaipur","Qualifications: . Bachelors or Master s degree in Computer Science, Data Science, Engin...","['Data Science', 'Generative Ai', 'Machine Learning Operations', 'Databricks', 'Machine Learning', 'Data Bricks', 'Ml', 'Artificial Intelligence']",6 days ago
Lead AI ML Engineer,Prolegion,3-8 Yrs,"Mumbai, Navi Mumbai",Position Overview We are looking for a passionate and skilled AI Research Enginee...,"['Computer science', 'Cloud computing', 'C++', 'Simulation', 'Analytical', 'Artificial Intelligence', 'Machine learning', 'Research']",Few hours ago
Machine Learning Engineer - Collinson,The Collinson Group Limited,3-4 Yrs,Mumbai,You will work with data from diverse structured and unstructured data sources in both b...,"['Data analysis', 'Prototype', 'Analytical', 'Consulting', 'Machine learning', 'MySQL', 'Oracle', 'Data mining']",3+ weeks ago
AI & ML / Data Engineer - India,Cloudbees,8-13 Yrs,"Mumbai, Kolkata, New Delhi, Hyderabad, Pune, Chennai, Bengaluru",Job Type Full-time Description About CloudBees CloudBees is the leading s...,"['Computer science', 'deep learning', 'data science', 'Machine learning', 'Agile', 'Software development life cycle', 'Data processing', 'Application development']",1 day ago
Machine Learning Engineer,Open Insights,2-6 Yrs,"Mumbai, Kolkata, New Delhi, Hyderabad, Pune, Chennai, Bengaluru",Experience in Apache Spark and Databricks . Experience with MLOps tools that support mo...,"['Data modeling', 'Coding', 'Machine learning', 'Data structures', 'Open source', 'Analytics', 'Monitoring', 'SQL']",3+ weeks ago
AI / ML Engineer,Accenture,15-20 Yrs,Mumbai,". Educational Qualification : 15 years full time educationAs an AI / ML technical lead,...","['api integration', 'google', 'cloud platform', 'artificial intelligence', 'ml algorithms', 'image processing', 'chatbot', 'genesys']",1 week ago
Senior Manager - Data Science,Aurigo Software Technologies,8-13 Yrs,"Mumbai, Kolkata, New Delhi, Hyderabad, Pune, Chennai, Bengaluru","Gen AI and Agentic AI: Strong experience in building, deploying and monitoring Gen AI a...","['Computer science', 'Computer vision', 'Analytical', 'Artificial Intelligence', 'Machine learning', 'Healthcare', 'Asset management', 'Risk management']",2 days ago
Senior Machine Learning Engineer,Quantiphi Analytics Solutions,2-6 Yrs,Mumbai,"While technology is the heart of our business, a global and diverse culture is the h...","['Excel', 'data science', 'Machine learning', 'Manager Technology', 'Catering', 'Analytics', 'Testing', 'Science']",3+ weeks ago
Machine Learning Engineer,Euprime Consulting,4-8 Yrs,Mumbai,At least 2 years of prior Machine Learning Algorithms experience. Experience of man...,"['Computer vision', 'Sales', 'Social media', 'Technical Lead', 'Research', 'Windows', 'Principal', 'Media']",3+ weeks ago
Google Cloud Machine Learning Services,a global professional services company with leading capabili,4-9 Yrs,"Hybrid - Mumbai (All Areas), Pune, Bengaluru",Must have skills : Google Cloud Machine Learning Services,"['Google Cloud Services', 'GenAI', 'Google Cloud Machine Learning Services', 'BigQuery', 'Artificial Intelligence', 'Cloud AI services', 'Machine Learning', 'Gcp Cloud']",2 weeks ago
Senior Machine Learning Engineer,Acme Services,3-8 Yrs,Mumbai,"Master s degree in CS / Statistics/Data Science, with a specialization in machine learn...","['Analytical skills', 'deep learning', 'data science', 'Scalability', 'data manipulation', 'Machine learning', 'Programming', 'Natural language processing']",3+ weeks ago
AI Engineer,Novel Office,0-2 Yrs,"Mumbai, Kolkata, New Delhi, Hyderabad, Pune, Chennai, Bengaluru","Bachelor s degree (or pursuing) in Computer Science, Data Science, Engineering, or a re...","['Computer science', 'Computer vision', 'Automation', 'Prototype', 'Web technologies', 'data science', 'Opencv', 'Machine learning']",3+ weeks ago
AI Software Engineer,Godigi Infotech,0-1 Yrs,"Mumbai, New Delhi, Pune, Bengaluru","Bachelors degree in Computer Science, Engineering, or a related field . Experience in d...","['Analytical skills', 'C++', 'Artificial Intelligence', 'Machine learning', 'Programming', 'Javascript', 'PHP', 'MATLAB']",3+ weeks ago
Artificial Intelligence Engineer,Expleo,3-5 Yrs,Mumbai (All Areas),"Experience with AI Governance and model explain ability (e.g., SHAP, LIME) preferredMin...","['GCP Vertex AI', 'Artificial Intelligence', 'Ai Solutions', 'Al', 'Machine Learning', 'Ml', 'Machine', 'GCP']",1 week ago
Data Scientist,Everestek Technosoft Solutions,4-5 Yrs,"Mumbai (All Areas), Indore, Surat",Job Title: Data ScientistLocation: Mumbai/Indore/SuratJob Type: Full-timeAbout Us: Ever...,"['Python Framework', 'Natural Language Processing', 'Data Science', 'Cloud Technologies', 'SQL Database', 'Tensorflow', 'Aws Cloud', 'Ai Techniques']",3 days ago
AI / ML Engineer,Accenture,3-8 Yrs,Mumbai,. Educational Qualification : 15 years full time education . Must have skills : Large L...,"['deep learning frameworks', 'natural language processing', 'artificial intelligence', 'tensorflow', 'pytorch', 'image processing', 'chatbot', 'python']",2 weeks ago
Ai Ml Engineer,HR Solutions,9-14 Yrs,"Hybrid - Mumbai (All Areas), Kolkata, Bengaluru",AI / ML Engineer. Experience- 9- 14 Years. Location- Bangalore / Hyderabad/Mumbai / Kol...,"['AI/ML', 'Artificial Intelligence', 'Machine Learning', 'Python', 'Pytorch', 'Natural Language Processing', 'Chatbot', 'Al']",2 weeks ago
AI Agent Engineer,Aryaxai,0-3 Yrs,Mumbai,"These agents will serve as collaborators for enterprise teams?leveraging reasoning, too...","['innovation', 'data science', 'software engineering', 'machine learning', 'artificial intelligence', 'architecture', 'ml', 'Machine']",3+ weeks ago
Director of Machine learning,Zycus Infotech,10-15 Yrs,Mumbai,Move between Roles: We believe that change leads to growth and therefore we allow our e...,"['Procurement', 'Cloud computing', 'Operations research', 'Artificial Intelligence', 'Machine learning', 'Pattern recognition', 'Data mining', 'Distribution system']",3+ weeks ago
AI Engineer,Enablistar,2-4 Yrs,Mumbai,We are looking for a skilled and innovative AI Engineer with 2+ years of experience ...,"['Automation', 'Backend', 'Image processing', 'Machine learning', 'Agile', 'JSON', 'Open source', 'JIRA']",5 days ago
Teaching Assistant - Artificial Intelligence & Machine Learning,Masai School,2-5 Yrs,"Mumbai, Kolkata, New Delhi, Hyderabad, Pune, Chennai, Bengaluru","This is a part-time, remote opportunity ideal for professionals passionate about AI / M...","['deep learning', 'Interpersonal skills', 'LMS', 'GIT', 'Coding', 'Artificial Intelligence', 'Machine learning', 'Research']",2 weeks ago
Hdfc Bank - Digital Banking - Data Scientist - Generative AI,Hdfc Bank,4-9 Yrs,Mumbai (All Areas),Role - Digital Banking-Data Scientist-Digital Experience Analytics Location - MumbaiGra...,"['Data Science', 'Artificial Intelligence', 'Machine Learning', 'Generative AI', 'Risk Analytics', 'Data Analytics', 'Machine', 'Risk']",3 weeks ago
AI / ML Engineer,Accenture,15-20 Yrs,Mumbai,. Educational Qualification : 15 years full time education . Must have skills : Large L...,"['deep learning frameworks', 'natural language processing', 'artificial intelligence', 'tensorflow', 'pytorch', 'image processing', 'chatbot', 'python']",2 weeks ago
Senior Gen AI ML Developer,Lyssin Inc,2-6 Yrs,"Mumbai, Kolkata, New Delhi, Hyderabad, Pune, Chennai, Bengaluru","Manage AI model deployment, monitoring, and improvement processes to ensure long-term s...","['nextjs', 'continuous integration', 'cd', 'stack development', 'python', 'api gateway', 'natural language processing', 'material ui']",3+ weeks ago
Sr Dev Ops Engineer(AI/ML),Morningstar,5-9 Yrs,Navi Mumbai,"5+ years of experience supporting the entire MLDLC, including post-deployment operation...","['Tensorflow', 'Pytorch', 'ml ops', 'Machine Learning', 'Scikit-Learn', 'Artificial Intelligence', 'Dev', 'SR']",3 weeks ago
Revenue Growth Manager (RGM) - Senior Consultant (CPG),Fractal Analytics,5-10 Yrs,"Mumbai, Pune, Chennai, Gurugram, Bengaluru",Fractal has been recognized as Great Workplace and Indias Best Workplaces for Women in ...,"['Computer vision', 'Software design', 'Version control', 'Data modeling', 'Project management', 'Analytical', 'Artificial Intelligence', 'Consulting']",2 days ago
AI / ML Engineer,Accenture,7-12 Yrs,Mumbai,. Educational Qualification : 15 years full time education . Must have skills : Salesfo...,"['machine learning', 'salesforce', 'machine learning algorithms', 'statistics', 'data munging', 'image processing', 'algorithms', 'chatbot']",3+ weeks ago
"AI,ML Python Developer",Avisoft,4-7 Yrs,"Mumbai, Delhi / NCR, Bengaluru","Bachelors degree in Computer Science, Information Technology, or a related field. We ar...","['Python', 'Unit Testing', 'Sage maker', 'Design Patterns', 'pytest', 'PySpark', 'Python Developer', 'AI']",1 week ago
Senior AI/ML Engineer- NLP/Python,Leading Client,5-8 Yrs,Mumbai,Preferred Skills : . - Experience with AI-powered chatbots and OpenAI API integration. ...,"['AI/ML', 'Data Science', 'Tensorflow', 'PyTorch', 'NLP', 'Artificial Intelligence', 'Data Scientist', 'GPT']",1 week ago
AI Engineer,Systechcorp Inc,8-12 Yrs,"Mumbai, Kolkata, New Delhi, Hyderabad, Pune, Chennai, Bengaluru",: Role Overview . We are seeking a highly skilled AI Engineer with 8-12 years of experi...,"['Computer science', 'Automation', 'GIT', 'Machine learning', 'linear regression', 'Workflow', 'SDK', 'Open source']",2 weeks ago
Senior AI/ML Engineer - NLP/Deep Learning,Leading Client,5-8 Yrs,Mumbai,We are looking for a highly skilled Senior AI / ML Engineer with 5+ years of experience...,"['NLP', 'Data Science', 'Tensorflow', 'PyTorch', 'Artificial Intelligence', 'Data Scientist', 'OpenAI', 'Computer Vision']",1 week ago
Data Engineer Intern,Crimson Interactive,0-1 Yrs,"Mumbai Suburban, Mumbai (All Areas)",BTech / MTech/ME / MCA from reputed Engineering collegeExperience of handling various d...,"['Data Engineering', 'Python', 'SQL', 'Agentic Ai', 'Kafka', 'AWS', 'Machine Learning', 'Ml']",1 week ago
AI & Data Engineer,MSCI Services,0-5 Yrs,Mumbai,"MSCI, Pride & Allies, Women in Tech, and Women s Leadership ForumExperience with librar...","['CVS', 'Automation', 'data science', 'Database design', 'Machine learning', 'PLSQL', 'Data quality', 'Oracle']",3+ weeks ago
Company Data - Analyst,MSCI Services,1-3 Yrs,Mumbai,"OverviewCompany data team (CDO) of MSCI is responsible for the processing, maintenance...","['financial concepts', 'fundamentals', 'python', 'data analytics', 'data analysis', 'data validation', 'bi', 'power bi']",2 weeks ago
AI Engineer,MSCI Services,0-5 Yrs,Mumbai,Development of Scalable and Efficient AI-Driven Solutions Create AI solutions tha...,"['CVS', 'Automation', 'Neural networks', 'Artificial Intelligence', 'Machine learning', 'Data quality', 'Oracle', 'Downstream']",3+ weeks ago
Data Scientist-Artificial Intelligence,IBM,5-7 Yrs,Mumbai,"Work with broader team to build, analyze and improve the AI solutions.You will also wo...","['algorithms', 'python', 'data analytics', 'tableau', 'ml', 'hive', 'data analysis', 'natural language processing']",3 weeks ago
"Director, Product Management - Core AI",Icertis,14-19 Yrs,"Mumbai, Kolkata, New Delhi, Hyderabad, Pune, Chennai, Bengaluru",MBA is a plus but not requiredWillingness to travel domestically as required to meet cu...,"['Product management', 'Computer science', 'Automation', 'Business transformation', 'Sales', 'Compliance', 'Contract management', 'Director']",1 day ago
Data Science / ML engineer - Manager,Merkle B2b,5-10 Yrs,"Mumbai, Pune, Bengaluru","Time Type: Full time Optimize data storage, retrieval, and processing using BigQuery, ...","['Computer science', 'Version control', 'GCP', 'Online marketing', 'Artificial Intelligence', 'Machine learning', 'Data quality', 'Forecasting']",3+ weeks ago
NLP Data Scientist - LLM & RAG,Uplers,3-6 Yrs,Hybrid - Mumbai (All Areas),Sr. Data Scientist (GenAI) Experience: 3 - 6 Years Exp.Salary : CompetitivePreferred N...,"['Data Science', 'LLM', 'Python', 'RDF2Ve', 'Generative AI', 'AWS CloudFormation', 'API Testing', 'Natural Language Processing']",1 week ago
Lead Gen AI Data Scientist - GenAI,Fractal Analytics,2-7 Yrs,"Mumbai, Pune, Chennai, Gurugram, Bengaluru",Demonstrate excellent communication skills and the ability to work effectively in a tea...,"['Career development', 'GCP', 'Analytical', 'Machine learning', 'Application development', 'Open source', 'Analytics', 'SQL']",3+ weeks ago
AI Engineer,MSCI Services,4-5 Yrs,Mumbai,"MSCI, Pride & Allies, Women in Tech, and Women s Leadership Forum . Architect solutions...","['System architecture', 'CVS', 'Automation', 'Prototype', 'orchestration', 'Machine learning', 'Distribution system', 'Python']",3+ weeks ago
Sr. Data Scientist (GenAI),Uplers,3-6 Yrs,Hybrid - Mumbai (All Areas),Sr. Data Scientist (GenAI) Experience: 3 - 6 Years Exp.Salary : CompetitivePreferred N...,"['Data Science', 'Machine Learning', 'Python', 'RDF2Ve', 'Generative AI', 'AWS CloudFormation', 'API Testing', 'Model evaluation']",1 week ago
Senior Principal - Data Engineer,Aurigo Software Technologies,12-17 Yrs,"Mumbai, Kolkata, New Delhi, Hyderabad, Pune, Chennai, Bengaluru","Bachelor s or Master s degree in Computer Science, Artificial Intelligence, Machine Lea...","['Computer science', 'Cloud computing', 'Automation', 'Artificial Intelligence', 'Machine learning', 'Healthcare', 'System design', 'Asset management']",2 days ago
Senior Data Scientist - LLM & RAG,Uplers,3-6 Yrs,Hybrid - Mumbai (All Areas),Sr. Data Scientist (GenAI) Experience: 3 - 6 Years Exp.Salary : CompetitivePreferred N...,"['Data Science', 'LLM', 'Python', 'RDF2Ve', 'Generative AI', 'AWS CloudFormation', 'API Testing', 'Model evaluation']",1 week ago
Data Science / ML engineer - Manager,Merkle Science,5-10 Yrs,"Mumbai, Pune, Bengaluru","Time Type: Full time Optimize data storage, retrieval, and processing using BigQuery, ...","['Computer science', 'Version control', 'GCP', 'Online marketing', 'Artificial Intelligence', 'Machine learning', 'Data quality', 'Forecasting']",3+ weeks ago
Senior AI & ML Engineer,Blackstone Eit,6-11 Yrs,"Mumbai, Kolkata, New Delhi, Hyderabad, Pune, Chennai, Bengaluru","Your work will be crucial in enhancing our products, improving user experience, and sol...","['Electrical engineering', 'data science', 'Analytical', 'Artificial Intelligence', 'Machine learning', 'SCALA', 'data visualization', 'big data']",3+ weeks ago
Senior Data Scientist - AWS Professional Services,Amazon,10-15 Yrs,Mumbai,"10+ years of professional or military experience, including a Bachelors degree. 7+ year...","['Cloud computing', 'NoSQL', 'Operating systems', 'FPGA', 'Analytical', 'Artificial Intelligence', 'Consulting', 'Machine learning']",2 weeks ago
Sr. Software Engineer (AI/ML),Oportun,6-9 Yrs,"Mumbai, Kolkata, New Delhi, Hyderabad, Pune, Chennai, Bengaluru",Requires 6+ years of related experience with a Bachelors degree in Computer Science or ...,"['Computer science', 'Software design', 'Version control', 'GIT', 'Project management', 'Machine learning', 'Data structures', 'Data quality']",3+ weeks ago
Azure Machine Learning / Databricks,Leading Client,2-4 Yrs,Mumbai,"The Digital :Azure Machine Learning (ML), Digital :Databricks role involves working wit...","['python', 'azure machine learning', 'data bricks', 'troubleshooting', 'ml', 'c#', 'natural language processing', 'microsoft azure']",1 week ago
Senior Staff - Data Engineer,Aurigo Software Technologies,3-8 Yrs,"Mumbai, Kolkata, New Delhi, Hyderabad, Pune, Chennai, Bengaluru",". Extensive hands-on experience with autonomous AI tools and frameworks: LangChain, Aut...","['Computer science', 'Automation', 'Coding', 'Artificial Intelligence', 'Machine learning', 'Infrastructure', 'Healthcare', 'Asset management']",1 day ago
S&C Global Network - AI - CDI - Data Science Manager,Accenture,10-15 Yrs,"Mumbai, Hyderabad, Bengaluru","Location:Bangalore / Gurgaon/Hyderabad / Mumbai . Must have skills: Technical (Python, ...","['Data Science', 'tableau', 'BigQuery', 'Power BI', 'PySpark', 'Vertex AI', 'Python', 'SQL']",6 days ago
OPS Intern,Deutsche Bank,0-2 Yrs,"Mumbai, Pune, Bengaluru",Graduates (Maths / Stats/Econometrics) / EngineersActively partner with various functio...,"['data analysis', 'alteryx', 'tableau', 'financial modelling', 'sql database', 'python', 'data analytics', 'data warehousing']",3 days ago
Artificial Intelligence Architect,Ltimindtree,12-16 Yrs,"Hybrid - Mumbai (All Areas), Hyderabad, Bengaluru",Deep understanding of supervised and unsupervised learning including regression classif...,"['Architect', 'MLOps', 'Machine Learning', 'Ai Solutions', 'Aiml', 'Ml', 'Artificial Intelligence', 'Machine']",3 weeks ago
AI Engineer,Galaxy,3-5 Yrs,Navi Mumbai,Must Have Skills Good To Have Skills,"['AI/ML frameworks', 'Data Wrangling', 'Machine Learning', 'Deep Learning', 'Python', 'Pytorch', 'Tensorflow', 'LLM fine-tuning']",1 week ago
AI / ML Engineer,Accenture,15-17 Yrs,Mumbai,. Educational Qualification : 15 years full time education . Must have skills : Machine...,"['deep learning frameworks', 'machine learning', 'artificial intelligence', 'tensorflow', 'pytorch', 'image processing', 'chatbot', 'python']",2 weeks ago
AI Agent Engineer,Prodigal,0-3 Yrs,Mumbai,"Today, we stand at the forefront of a seismic shift in the industry, pioneering the con...","['Computer science', 'Health insurance', 'Data analysis', 'Operational excellence', 'Analytical', 'Linguistics', 'Financial services', 'Team building']",2 days ago
Python Developer,Appzlogic,0-3 Yrs,"Mumbai, Kolkata, New Delhi, Hyderabad, Pune, Chennai, Bengaluru",Appzlogic Mobility Solutions Pvt Ltd is looking for Python Developer to join our dynami...,"['python', 'css', 'c', 'software testing', 'natural language processing', 'python development', 'machine learning', 'artificial intelligence']",3+ weeks ago
Hiring AI Engineer - Chatbot with Datamatics - Mumbai/Bangalore,Datamatics,5-10 Yrs,"Navi Mumbai, Bengaluru, Mumbai (All Areas)",Proven experience implementing multi-turn conversational agents using Azure OpenAI Serv...,"['Agentic Ai', 'Artificial Intelligence', 'Natural Language Processing', 'Azure Cognitive Search', 'Ai', 'Azure OpenAI', 'Machine Learning', 'Deep Learning']",3+ weeks ago
Python Developer (Pandas),Leading Client,4-8 Yrs,Mumbai,Develop data processing applications using Python and Pandas. Optimize performance for ...,"['python', 'data analysis', 'data processing', 'python development', 'pandas', 'css', 'natural language processing', 'numpy']",1 week ago
AI / ML Engineer,Accenture,12-15 Yrs,Navi Mumbai,. Educational Qualification : 15 years full time education Qualification . 15 years ful...,"['natural language processing', 'deployment process', 'artificial intelligence', 'tensorflow', 'pytorch', 'image processing', 'chatbot', 'kubernetes']",3 weeks ago
Artificial Intelligence Engineer,Unicon Connectors,5-8 Yrs,Mumbai,"Education : Bachelors or Masters degree in Computer Science, Data Science, Artificial I...","['Artificial Intelligence', 'Tensorflow', 'R', 'PyTorch', 'NLP', 'Data Management', 'Hadoop', 'Big Data']",1 week ago
AI / ML Engineer,Accenture,15-20 Yrs,Mumbai,. Educational Qualification : 15 years full time education . Must have skills : Large L...,"['deep learning frameworks', 'machine learning', 'artificial intelligence', 'tensorflow', 'pytorch', 'image processing', 'chatbot', 'python']",2 weeks ago
Senior Risk Manager - Model Validation (AI/ML Models),Deutsche Bank,4-9 Yrs,Mumbai,: Job TitleSenior Risk Manager - Model Validation (AI/ML Models)Corporate TitleVPLocat...,"['python', 'c++', 'machine learning', 'artificial intelligence', 'quantitative', 'risk management', 'analysts', 'sas']",1 week ago
Assistant Manager - Python Developer- MNC-Lower Parel,Shreesha Consultants,3-8 Yrs,"Mumbai Suburban, Navi Mumbai, Mumbai (All Areas)",Design implement Python AI/ML/Gen AI models algorithms &app Coordinate data scientists ...,"['Al', 'Machine Learning', 'Gen AI', 'Cloud', 'Python', 'Data Engineering', 'Proof Of Concept', 'Natural Language Processing']",1 week ago
"AVP/DVP Data Science AI, ML - Life Insurance - Goregaon",Life Insurance Organisation,7-12 Yrs,"Mumbai (All Areas), Goregaon","Architect and design cloud-native AI and data platforms on GCP (preferred), AWS, or Azu...","['Data Science', 'Tensorflow', 'Pytorch', 'Large Language Model', 'Artificial Intelligence', 'Natural Language Processing', 'Machine Learning', 'Deep Learning']",1 week ago
Python Developer,Leading Client,4-6 Yrs,Mumbai,"Develop and maintain applications using Python, focusing on building scalable, efficien...","['python', 'data analysis', 'python development', 'django', 'web development', 'css', 'natural language processing', 'numpy']",1 week ago
AI Devops Consultant,Oracle,3-5 Yrs,"Mumbai, Kolkata, New Delhi, Hyderabad, Pune, Chennai, Bengaluru","Bachelor s / Master s in Computer Science, AI, Data Science, or related fields. AI / ML...","['Computer science', 'Computer vision', 'NoSQL', 'Postgresql', 'Analytical', 'Machine learning', 'MongoDB', 'Oracle']",Few hours ago
Hiring | Senior Consultant Data Scientist | Remote,Firstsource,9-14 Yrs,Remote,"Educational Background: Masters or PhD in Data Science, Computer Science, Statistics, o...","['Data Science', 'Gen AI', 'LLM', 'Finetuning', 'Natural Language Processing', 'Machine Learning', 'Processing', 'Languages']",3+ weeks ago
Principal Architect Lead Architect - GCP,Fractal Analytics,18-20 Yrs,"Mumbai, Pune, Chennai, Gurugram, Bengaluru","Evaluate the current technology landscape and recommend a forward-looking, sh...","['Data management', 'GCP', 'Artificial Intelligence', 'Consulting', 'Machine learning', 'Agile', 'data governance', 'Manager Technology']",3+ weeks ago
Lead Gen AI Data Scientist - GenAI,Neal Analytics,4-9 Yrs,"Mumbai, Pune, Chennai, Gurugram, Bengaluru",Demonstrate excellent communication skills and the ability to work effectively in a tea...,"['Career development', 'GCP', 'Analytical', 'Machine learning', 'Application development', 'Open source', 'Analytics', 'SQL']",3+ weeks ago
SENIOR DATA SCIENTIST ( DEEP LEARNING / NLP ),Augusta Infotech,10-13 Yrs,"Mumbai, Pune",Essential Skills Required . Working experience with different AI frameworks . Past expe...,"['Training', 'deep learning', 'Backend', 'Linux', 'Artificial Intelligence', 'Machine learning', 'Deployment', 'Research']",3+ weeks ago
Global AI / ML Professional,BNP Paribas,5-10 Yrs,Mumbai,Minimum of 5 years as Team Leader coordinating team (5 people or more) on implementatio...,"['AI solution', 'coding', 'DevOps', 'NLP', 'MLLM', 'LLM', 'Machine Learning', 'Python']",1 week ago
Python Programmer,Jobmygoal Technology,2-6 Yrs,Navi Mumbai,Python Developer with a strong understanding and practical experience in leveraging AI ...,"['Data Pipeline', 'Django Framework', 'Python Development', 'AWS', 'OCR', 'Github', 'Artificial Intelligence', 'Flask Web Framework']",1 week ago
"Data Scientist, AI Division",Mahindra & Mahindra Limited.,5-7 Yrs,"Mumbai, Nagpur, Thane, Nashik, Pune, Aurangabad","Strong knowledge of statistics, probability, and machine learning algorithms, Ability t...","['data modeling', 'sem', 'machine learning algorithms', 'sql', 'nosql databases', 'statistics', 'communication skills', 'DBMS']",3+ weeks ago
AI Engineer,MSCI Services,1-4 Yrs,Mumbai,Development of Scalable and Efficient AI-Driven Solutions Create AI solutions tha...,"['CVS', 'Automation', 'Neural networks', 'Artificial Intelligence', 'Machine learning', 'Data quality', 'Oracle', 'Downstream']",3+ weeks ago
Intern - AI Developer,Axs Solutions,0-1 Yrs,"Mumbai, Chembur",To succeed you must become an expert in building AI models and putting them into produc...,"['Python', 'Theano', 'data analytics', 'data modeling', 'AI development', 'Keras', 'data visualization', 'machine learning']",2 days ago
AI & Data Engineer,MSCI Services,1-7 Yrs,Mumbai,"MSCI, Pride & Allies, Women in Tech, and Women s Leadership Forum. At MSCI we are passi...","['CVS', 'Automation', 'data science', 'Database design', 'Machine learning', 'PLSQL', 'Data quality', 'Oracle']",3+ weeks ago
ML Engineer Gen AI & LLM,Databricks,2-6 Yrs,"Mumbai, Kolkata, New Delhi, Hyderabad, Pune, Chennai, Bengaluru","Experience building production-grade machine learning deployments on AWS, Azure, or GCP...","['tensorflow', 'scikit-learn', 'gcp', 'pytorch', 'microsoft azure', 'aws', 'machine learning', 'Gen']",3+ weeks ago
Senior Staff - Data Scientist,Aurigo Software Technologies,3-8 Yrs,"Mumbai, Kolkata, New Delhi, Hyderabad, Pune, Chennai, Bengaluru","Experience of building autonomous / agentic AI systems (e.g., multi-agent frameworks, s...","['Computer science', 'Coding', 'Artificial Intelligence', 'Debugging', 'Machine learning', 'Healthcare', 'Natural language processing', 'Asset management']",2 days ago
Senior Data Scientist,Leading Listed Conglomerate,10-20 Yrs,Mumbai,DO NOT APPLY WITHOUT UNDERSTANDING THE ENTIRE JOB DESCRIPTIONWe are Hiring a Senior Dat...,"['Generative AI', 'Deep Learning', 'Data Science', 'Aiml', 'Machine Learning Operations', 'GenAI', 'Artificial Intelligence', 'Natural Language Processing']",3+ weeks ago
Lead Machine Learning Scientist,Dream11,5-10 Yrs,Mumbai,. Qualifiers: . 5 - 10 years of experience in building and maintaining ML solutions at ...,"['Team management', 'cassandra', 'Machine learning', 'Manager Technology', 'M&A', 'Predictive modeling', 'Distribution system', 'Predictive analytics']",3+ weeks ago
Senior AI Engineer,Blackstone Eit,5-10 Yrs,"Mumbai, Kolkata, New Delhi, Hyderabad, Pune, Chennai, Bengaluru",. 5+ years of experience in AI or machine learning rolesExperience with big data techno...,"['deep learning', 'C++', 'Cloud Services', 'Analytical', 'Artificial Intelligence', 'Machine learning', 'Programming', 'Deployment']",3+ weeks ago
Artificial Intelligence Engineer (Senior Software Engineer),Lionbridge,5-10 Yrs,"Mumbai, Navi Mumbai, Chennai","Proficiency in Python and ML libraries (TensorFlow, PyTorch, LangChain, etc.)Experience...","['Langchain', 'Deep Learning', 'Pytorch', 'Huggingface', 'API', 'Tensorflow', 'Azure', 'Hugging Face Transformers']",1 week ago
Senior AI / ML Developer,Saffo Solution Technology,2-7 Yrs,Navi Mumbai,. Proficient understanding of code versioning tools GitFinally a demonstrated experienc...,"['Computer science', 'Object oriented design', 'GIT', 'Data modeling', 'Analytical', 'Debugging', 'Machine learning', 'Data structures']",3+ weeks ago
S&C Global Network - AI - Prompt Engineering - DS Insurance,Accenture,5-10 Yrs,"Mumbai, Gurugram, Bengaluru","Bachelors / Masters degree in Mathematics, Statistics, Economics, Computer Science, or ...","['data bricks', 'python', 'pyspark', 'machine learning algorithms', 'sql', 'network engineering', 'data analysis', 'data science']",1 week ago
Sr ML and AI (Legacy) - Chennai,Photon,4-8 Yrs,"Mumbai, Kolkata, New Delhi, Hyderabad, Pune, Chennai, Bengaluru",Work with tools like Jupyter Notebooks for data exploration and model development. What...,"['Computer science', 'Machine learning', 'Data collection', 'Data processing', 'Scheduling', 'Regression analysis', 'Data mining', 'Forecasting']",3+ weeks ago
Senior Engineer - Data Science,Oliver Wyman,4-9 Yrs,Mumbai,Expertise in Python is a must R or VBA may be helpful but not required . What makes you...,"['Supply chain', 'Computer science', 'data science', 'Consulting', 'Machine learning', 'Open source', 'Risk management', 'Data mining']",1 day ago
Senior AI Developer,DCKAP,3-8 Yrs,"Mumbai, Kolkata, New Delhi, Hyderabad, Pune, Chennai, Bengaluru","Collaborate with product managers, engineers, and data scientists to understand inte...","['deep learning', 'GCP', 'Analytical', 'Machine learning', 'Programming', 'Pattern recognition', 'Continuous improvement', 'Application software']",3+ weeks ago
Senior AI/ML Engineer - Blackstraw - Work from Office- Chennai,Blackstraw Technologies,4-9 Yrs,"Mumbai (All Areas), Chennai",Job Summary:We are looking for a passionate and skilled AI/ML Engineer to join our tea...,"['Artificial Intelligence', 'Machine Learning', 'Object Detection', 'Algorithm Development', 'Natural Language Processing', 'Image Recognition', 'Deep Learning', 'Pytorch']",3 weeks ago
"Sr Software Engineer (Dot net, Angular, AI/ML)- Remote","Allscripts(India) LLP, ultimately a subsidiary of Altera Digital Health Inc.,[Altera India]",4-8 Yrs,"Mumbai, Kolkata, New Delhi, Hyderabad, Pune, Chennai, Bengaluru",We are seeking a skilled .NET Full Stack Developer with 5+ years of experience in desig...,"['Front end', 'Coding', 'Machine learning', 'Javascript', 'Healthcare', 'Entity framework', 'Application development', 'MVC']",2 weeks ago
AI Architect,SSA Architects,3-5 Yrs,Mumbai,Educate teams regarding the use of AI with respect to various data we would have on the...,"['Machine learning', 'AI Architect', 'Hardware Integration', 'AI software', 'Integration', 'Architecture', 'Hardware', 'Software']",1 week ago
AI / ML Engineer,Auxoai,3-5 Yrs,"Mumbai, Bengaluru",Previous internship experience or relevant projects in the AI field is a plus . .,"['deep learning', 'Data analysis', 'Software design', 'Interpersonal skills', 'Artificial Intelligence', 'Machine learning', 'Data structures', 'Customer experience']",3+ weeks ago
Associate Data Scientist,Futurism Technologies,0-1 Yrs,"Mumbai, Kolkata, New Delhi, Hyderabad, Pune, Chennai, Bengaluru","Job Title: Associate Data ScientistJob Location: Hinjewadi Phase 1, Pune (Remote)Shift:...","['Computer science', 'Data analysis', 'Version control', 'GIT', 'Analytical', 'Machine learning', 'Internship', 'Analytics']",1 day ago
"AI/ML Model Validation Analyst, NCT",Deutsche Bank,2-7 Yrs,Mumbai,": Job TitleAI/ML Model Validation Analyst, NCTLocationMumbai, IndiaRole DescriptionThe...","['mathematics', 'microsoft azure', 'gcp', 'aws', 'statistics', 'hlookup', 'lookup', 'conditional formatting']",1 week ago
ML Engineer (Advanced AI/ML + Python),HR Solutions,9-14 Yrs,"Hybrid - Mumbai (All Areas), Hyderabad, Bengaluru",Experience in leading teams and managing the end-to-end deliverablesProficiency in Pyth...,"['Artificial Intelligence', 'Machine Learning', 'Python', 'MLops', 'AI/ML', 'Natural Language Processing', 'AIML', 'Deep Learning']",3 weeks ago
"Software Engineers - AI / ML / NLP,",Navedas,1-6 Yrs,"Mumbai, Kolkata, New Delhi, Hyderabad, Pune, Chennai, Bengaluru","Software Engineers - AI / ML / NLP, INDIA You are a dedicated software engineer ...","['Machine learning', 'Back office', 'Software Engineer', 'Customer support', 'Technology solutions', 'Python', 'Ml', 'Technology']",3+ weeks ago
AI/ ML engineer,Tecqubes Technologies,12-20 Yrs,"Mumbai, Kolkata, New Delhi, Hyderabad, Pune, Chennai, Bengaluru",. We are seeking a dynamic and experienced Analyst in AIML with a proven track record o...,"['Telecom', 'Data analysis', 'Underwriting', 'Analytical', 'Machine learning', 'Customer service', 'Project delivery', 'SQL']",3+ weeks ago
Principal AI Engineer,G P,5-9 Yrs,"Mumbai, Kolkata, New Delhi, Hyderabad, Pune, Chennai, Bengaluru","Here, your knowledge and experience will be crucial to helping design and develop high-...","['Computer science', 'Automation', 'Prototype', 'Artificial Intelligence', 'Machine learning', 'Agile', 'System design', 'Data processing']",3+ weeks ago
S&C Global Network - AI - Conversational AI - Analyst,Accenture,3-5 Yrs,Mumbai,"Job Title - S&C GN - Data Science Analyst Location:Bengaluru, Gurugram, Mumbai, Ko...","['python', 'natural language processing', 'machine learning', 'artificial intelligence', 'deep learning', 'switching', 'network engineering', 'neural networks']",1 week ago
AI/ML/Generative AI Practice Lead,Crisil,15-20 Yrs,"Mumbai, Kolkata, New Delhi, Hyderabad, Pune, Chennai, Bengaluru",CRISIL is looking for AI/ML/Generative AI Practice Lead to join our dynamic team and ...,"['Practice Lead', 'Artificial Intelligence', 'Machine learning', 'Machine', 'Ml', 'Intelligence']",3+ weeks ago
AI Engineer,MSCI Services,4-5 Yrs,Mumbai,"MSCI, Pride & Allies, Women in Tech, and Women s Leadership ForumArchitect solutions th...","['System architecture', 'CVS', 'Automation', 'Prototype', 'orchestration', 'Machine learning', 'Distribution system', 'Python']",3+ weeks ago
AI Engineer,Stack Digital,3-8 Yrs,"Mumbai, Kolkata, New Delhi, Hyderabad, Pune, Chennai, Bengaluru",We are seeking an experienced **AI Engineer** with a minimum of 3 years of experience i...,"['Computer science', 'Automation', 'Backend', 'Postgresql', 'Machine learning', 'Agile', 'Customer support', 'SQL']",3+ weeks ago
Principal Data Scientist,Ceresight,4-9 Yrs,"Mumbai, Kolkata, New Delhi, Hyderabad, Pune, Chennai, Bengaluru",Location:: Anywhere in India (remote). Key skills:: Machine Learning Algorithms . Desir...,"['Computer science', 'deep learning', 'data science', 'spark', 'Artificial Intelligence', 'Machine learning', 'Manager Technology', 'big data']",3+ weeks ago
Artificial Intelligence Engineer - Data Modeling,Linkageit,7-10 Yrs,Mumbai,Location : Remote Exp : 8 - 10 We are seeking a highly skilled and motivated AI Archite...,"['Artificial Intelligence', 'NLP', 'Generative AI', 'Data Mining', 'Data Modeling', 'LLM', 'Machine Learning', 'Deep Learning']",1 week ago
S&C Global Network - AI - Conversational AI - Consultant,Accenture,3-5 Yrs,Mumbai,"Job Title - S&C GN - Data Science Consultant Location:Bengaluru, Gurugram, Mumbai,...","['python', 'natural language processing', 'machine learning', 'artificial intelligence', 'deep learning', 'neural networks', 'predictive analytics', 'sql']",1 week ago
S&C Global Network - AI - Conversational AI - Consultant,Accenture,3-5 Yrs,Mumbai,"Job Title - S&C GN - Data Science Consultant Location:Bengaluru, Gurugram, Mumbai,...","['python', 'natural language processing', 'machine learning', 'artificial intelligence', 'deep learning', 'neural networks', 'predictive analytics', 'customer engagement']",1 week ago
Principal Generative AI (GenAI) Engineer,Velocity Clinical Research,8-13 Yrs,"Mumbai, Kolkata, New Delhi, Hyderabad, Pune, Chennai, Bengaluru",Experience with APIs and microservices architecture for integrating AI solutions into e...,"['Coding', 'Neural networks', 'Artificial Intelligence', 'Intellectual property', 'Machine learning', 'Clinical trials', 'Clinical research', 'Monitoring']",3+ weeks ago
Senior Engineer - AI ML,Hind Rectifiers,3-5 Yrs,Mumbai,Familiarity with robotics platforms that involve reinforcement learning or machine perc...,"['Computer science', 'Computer vision', 'deep learning', 'C++', 'Simulation', 'data science', 'Machine learning', 'Programming']",3+ weeks ago
S&C GN - Tech Strategy & Advisory - Gen AI Strategy - Consultant,Accenture,10-15 Yrs,"Mumbai, Gurugram, Bengaluru",Utilize . strong expertise & certification in any of the AI & Gen AI Cloud platforms Go...,"['Technology Strategy', 'Azure', 'NLP', 'Gen AI strategy', 'Business Transformation', 'AWS', 'Machine Learning', 'Microsoft Azure']",6 days ago
GN - SONG - Service - Nice CX One - Analyst,Accenture,1-4 Yrs,Mumbai,Job Title - GN - SONG - Service - Nice CX One - AnalystManagement Level:11/AnalystLocat...,"['web services', 'speech recognition', 'java', 'cx', 'vendor', 'kubernetes', 'rpa', 'python']",6 days ago
AI / ML Engineer,Barrierbreak Solutions,3 Yrs,"Hybrid - Mumbai Suburban, Navi Mumbai, Mumbai (All Areas)",Should anchor Pilot / MVP/Production Machine learning use case delivery for deployments...,"['Artificial Intelligence', 'Computer Vision', 'Python', 'Computer', 'Vision', 'Ml', 'Intelligence']",2 days ago
Data Scientist,BNP Paribas,1-3 Yrs,Mumbai,Bachelors / Master / PhD degree in Computer Science / Data Science / Mathematics / Stat...,"['Data Science', 'pandas', 'transformers', 'python', 'AI model', 'PyTorch', 'scikit-learn', 'langchain']",3+ weeks ago
Natural Language Processing Engineer (Freelancer),Soul Ai,0-3 Yrs,Mumbai,We are looking for top-tier Natural Language Processing Engineers with experience in te...,"['continuous integration', 'python', 'natural language processing', 'vector', 'aws', 'kubernetes', 'freelancing', 'cloud services']",1 week ago
AI/Machine Learning,Knight Fintech,1-5 Yrs,Mumbai,"Algorithm Development: Design, develop, and implement machine learning algorithms and...","['deep learning', 'Machine learning', 'Calculus', 'Pattern recognition', 'Recognition', 'Design patterns', 'Machine', 'Artificial Intelligence']",3+ weeks ago
Artificial Intelligence Research Engineer,Career Job Solution New Delhi,3-5 Yrs,"Mumbai (All Areas), Pune, Bengaluru",AI/ML-focused Software Developer with 3+ YOE in SDLC and 1+ year in conversational AI (...,"['Artificial Intelligence', 'Natural Language Processing', 'Machine Learning', 'Tensorflow', 'Distillation', 'genAI', 'Neural Networks', 'Open Api']",2 weeks ago
"AI/ML Development Engineer, Energy Domain",Navia Energy,1-5 Yrs,"Mumbai, Kolkata, New Delhi, Hyderabad, Pune, Chennai, Bengaluru","Experience with data preprocessing, feature engineering, and exploratory data analysis ...","['Computer science', 'Semiconductor', 'Data analysis', 'Renewable energy', 'Analytical', 'Machine learning', 'Sensors', 'Continuous improvement']",3+ weeks ago
AI/ML Engineer,Digital Alpha,1-5 Yrs,"Mumbai, Kolkata, New Delhi, Hyderabad, Pune, Chennai, Bengaluru",". Bachelors degree in Computer Science, Data Science, Engineering, or a related fieldTh...","['Computer science', 'Bloomberg', 'data science', 'Cloud Services', 'Consulting', 'Machine learning', 'AWS', 'Financial services']",3+ weeks ago
AI/ML Engineer,Leokraft Technologies,2-5 Yrs,"Mumbai, Kolkata, New Delhi, Hyderabad, Pune, Chennai, Bengaluru","As an AI / ML Engineer, you will be responsible for designing, building, and maintainin...","['Computer science', 'orchestration', 'data security', 'GCP', 'devops', 'Machine learning', 'Cloud', 'Programming']",3+ weeks ago
Company Data - Associate,MSCI Services,3-6 Yrs,Mumbai,"MSCI, Pride & Allies, Women in Tech, and Women s Leadership Forum. At MSCI we are passi...","['financial concepts', 'fundamentals', 'python', 'data analysis', 'data analytics', 'access', 'data validation', 'bi']",2 weeks ago
AI Engineer,Join Hub,4-9 Yrs,"Mumbai, Kolkata, New Delhi, Hyderabad, Pune, Chennai, Bengaluru",We usually respond within three days Role Summary: We are seeking an AI Engin...,"['Product engineering', 'Focus', 'Machine learning', 'Financial operations', 'Natural language processing', 'System development', 'Management', 'Monitoring']",3+ weeks ago
Principal AI Engineer,G-P/Globalization Partners,4-8 Yrs,"Mumbai, Kolkata, New Delhi, Hyderabad, Pune, Chennai, Bengaluru","Here, your knowledge and experience will be crucial to helping design and develop high-...","['Computer science', 'Automation', 'Prototype', 'Artificial Intelligence', 'Machine learning', 'Agile', 'System design', 'Data processing']",3+ weeks ago
Data Scientist,Netcore Cloud,3-7 Yrs,"Mumbai, Bengaluru","Programming, Machine Learning, Artificial Intelligence, Data Science, Business Analytic...","['C++', 'Product engineering', 'NoSQL', 'Business analytics', 'Artificial Intelligence', 'MySQL', 'Machine learning', 'MongoDB']",3+ weeks ago
Company Data Associate,MSCI Services,3-5 Yrs,Mumbai,"MSCI, Pride & Allies, Women in Tech, and Women s Leadership Forum. At MSCI we are passi...","['financial concepts', 'fundamentals', 'python', 'data analysis', 'data analytics', 'access', 'data validation', 'bi']",3+ weeks ago
AI Developer,Systechcorp Inc,5-7 Yrs,"Mumbai, Kolkata, New Delhi, Hyderabad, Pune, Chennai, Bengaluru","Preferred Qualifications: . Master s. in Computer Science, AI, or Data ScienceExperienc...","['Computer science', 'Computer vision', 'GCP', 'Enterprise applications', 'Analytical', 'Machine learning', 'HIPAA', 'AWS']",3+ weeks ago
Lead Ai/Ml Engineer,Cynosure Corporate Solutions,8-15 Yrs,"Mumbai, Kolkata, New Delhi, Hyderabad, Pune, Chennai, Bengaluru",Skills & Experience . Masters degree or Bachelors degree in Computer Science or Informa...,"['Computer science', 'IT services', 'Product engineering', 'Software design', 'orchestration', 'data science', 'Machine learning', 'Cloud']",3+ weeks ago
Sr Lead Software Engineer,JPMorgan Chase Bank,8-10 Yrs,Mumbai,"Be an integral part of an agile team thats constantly pushing the envelope to enhance,...","['Artificial Intelligence', 'Machine learning', 'Cloud', 'Agile', 'System design', 'Application development', 'Product design', 'Operations']",1 week ago
Sr AI Software Dev Engineer,Verizon Media Group,5-10 Yrs,"Mumbai, Kolkata, New Delhi, Hyderabad, Pune, Chennai, Bengaluru",We are looking for an experienced engineer with a proven track record of building wor...,"['data science', 'GCP', 'Analytical', 'Machine learning', 'HTML', 'market data', 'Team building', 'Business operations']",3 weeks ago
Senior Data Scientist,Go Digital Technology Consulting,4-7 Yrs,"Hybrid - Mumbai (All Areas), Pune",Job Title: Sr. Data Scientist Location: Mumbai / PuneJob Type: Full-time Experience: 4-...,"['Senior Data Scientist', 'Computer Vision', 'Pytorch', 'Pandas', 'Machine Learning', 'Numpy', 'Python', 'Machine']",3 days ago
S&C Global Network - AI Supply Chain Analytics Consultant,Accenture,5-6 Yrs,"Mumbai, Hyderabad, Bengaluru",Masters degree in technology or engineering or quantitative field (e.gMSc in Statistics...,"['Supply Chain', 'Supply Chain Management', 'Aws', 'SCM', 'Machine Learning', 'Python', 'Networking', 'Management']",1 week ago
Senior AI Engineer,Impact Analytics,4-7 Yrs,"Mumbai, Kolkata, New Delhi, Hyderabad, Pune, Chennai, Bengaluru","Candidates with Masters . in computing / systems, mathematics, machine learning or rela...","['Supply chain', 'Training', 'Computer vision', 'deep learning', 'Machine learning', 'Natural language processing', 'Mathematics', 'Forecasting']",3+ weeks ago
